,ars,ami,n,type,algorithm
0,0.42293186083942474,0.7561144618433637,180,scaled,kmeans
0,0.4629104007178904,0.7737699389613345,180,raw,kmeans
